http://www.formica.com/en/us/products/formica-laminate-home/00920,http://www.formica.com/us/~/media/north-america/images/decors/00920.jpg,920,Almond
http://www.formica.com/en/us/products/formica-laminate-home/06227,http://www.formica.com/us/~/media/north-america/images/decors/06227.jpg,6227,Amber Kashmire
http://www.formica.com/en/us/products/formica-laminate-home/07012,http://www.formica.com/us/~/media/north-america/images/decors/07012.jpg,7012,Amber Maple
http://www.formica.com/en/us/products/formica-laminate-home/00932,http://www.formica.com/us/~/media/north-america/images/decors/00932.jpg,932,Antique White
http://www.formica.com/en/us/products/formica-laminate-home/00303,http://www.formica.com/us/~/media/north-america/images/decors/00303.jpg,303,Antique White Oxide
http://www.formica.com/en/us/products/formica-laminate-home/06697,http://www.formica.com/us/~/media/north-america/images/decors/06697.jpg,6697,Argento Romano
http://www.formica.com/en/us/products/formica-laminate-home/08839,http://www.formica.com/us/~/media/north-america/images/decors/08839.jpg,8839,Ashen Ribbonwood
http://www.formica.com/en/us/products/formica-laminate-home/09367,http://www.formica.com/us/~/media/north-america/images/decors/09367.jpg,9367,Atlantic Stone
http://www.formica.com/en/us/products/formica-laminate-home/09292,http://www.formica.com/us/~/media/north-america/images/decors/09292.jpg,9292,Autumn Brown Granite
http://www.formica.com/en/us/products/formica-laminate-home/03687,http://www.formica.com/us/~/media/north-america/images/decors/03687.jpg,3687,Autumn Indian Slate
http://www.formica.com/en/us/products/formica-laminate-home/03690,http://www.formica.com/us/~/media/north-america/images/decors/03690.jpg,3690,Basalt Slate
http://www.formica.com/en/us/products/formica-laminate-home/03496,http://www.formica.com/us/~/media/north-america/images/decors/03496.jpg,3496,Belmonte Granite
http://www.formica.com/en/us/products/formica-laminate-home/03698,http://www.formica.com/us/~/media/north-america/images/decors/03698.jpg,3698,Beluga Beige
http://www.formica.com/en/us/products/formica-laminate-home/00909,http://www.formica.com/us/~/media/north-america/images/decors/00909.jpg,909,Black
http://www.formica.com/en/us/products/formica-laminate-home/06414,http://www.formica.com/us/~/media/north-america/images/decors/06414.jpg,6414,Black Riftwood
http://www.formica.com/en/us/products/formica-laminate-home/09527,http://www.formica.com/us/~/media/north-america/images/decors/09527.jpg,9527,Black Shalestone
http://www.formica.com/en/us/products/formica-laminate-home/03485,http://www.formica.com/us/~/media/north-america/images/decors/03485.jpg,3485,Black Walnut
http://www.formica.com/en/us/products/formica-laminate-home/00271,http://www.formica.com/us/~/media/north-america/images/decors/00271.jpg,271,Blackstone
http://www.formica.com/en/us/products/formica-laminate-home/06222,http://www.formica.com/us/~/media/north-america/images/decors/06222.jpg,6222,Brazilian Brown Granite
http://www.formica.com/en/us/products/formica-laminate-home/00459,http://www.formica.com/us/~/media/north-america/images/decors/00459.jpg,459,Brite White
http://www.formica.com/en/us/products/formica-laminate-home/07704,http://www.formica.com/us/~/media/north-america/images/decors/07704.jpg,7704,Burnished Glaze
http://www.formica.com/en/us/products/formica-laminate-home/00204,http://www.formica.com/us/~/media/north-america/images/decors/00204.jpg,204,Butcherblock Maple
http://www.formica.com/en/us/products/formica-laminate-home/07732,http://www.formica.com/us/~/media/north-america/images/decors/07732.jpg,7732,Butterum Granite
http://www.formica.com/en/us/products/formica-laminate-home/07813,http://www.formica.com/us/~/media/north-america/images/decors/07813.jpg,7813,Cardboard Solidz
http://www.formica.com/en/us/products/formica-laminate-home/06696,http://www.formica.com/us/~/media/north-america/images/decors/06696.jpg,6696,Carrara Bianco
http://www.formica.com/en/us/products/formica-laminate-home/07494,http://www.formica.com/us/~/media/north-america/images/decors/07494.jpg,7494,Carrara Envision
http://www.formica.com/en/us/products/formica-laminate-home/06942,http://www.formica.com/us/~/media/north-america/images/decors/06942.jpg,6942,Charcoal Boomerang
http://www.formica.com/en/us/products/formica-laminate-home/06449,http://www.formica.com/us/~/media/north-america/images/decors/06449.jpg,6449,Charcoal Duotex
http://www.formica.com/en/us/products/formica-laminate-home/06416,http://www.formica.com/us/~/media/north-america/images/decors/06416.jpg,6416,Charred Formwood
http://www.formica.com/en/us/products/formica-laminate-home/07014,http://www.formica.com/us/~/media/north-america/images/decors/07014.jpg,7014,Colorado Slate
http://www.formica.com/en/us/products/formica-laminate-home/06362,http://www.formica.com/us/~/media/north-america/images/decors/06362.jpg,6362,Concrete Formwood
http://www.formica.com/en/us/products/formica-laminate-home/07267,http://www.formica.com/us/~/media/north-america/images/decors/07267.jpg,7267,Concrete Stone
http://www.formica.com/en/us/products/formica-laminate-home/07266,http://www.formica.com/us/~/media/north-america/images/decors/07266.jpg,7266,Cotta Stone
http://www.formica.com/en/us/products/formica-laminate-home/08814,http://www.formica.com/us/~/media/north-america/images/decors/08814.jpg,8814,Denim Twill
http://www.formica.com/en/us/products/formica-laminate-home/07197,http://www.formica.com/us/~/media/north-america/images/decors/07197.jpg,7197,Dover White
http://www.formica.com/en/us/products/formica-laminate-home/07213,http://www.formica.com/us/~/media/north-america/images/decors/07213.jpg,7213,Earth Wash
http://www.formica.com/en/us/products/formica-laminate-home/00299,http://www.formica.com/us/~/media/north-america/images/decors/00299.jpg,299,Ebony Oxide
http://www.formica.com/en/us/products/formica-laminate-home/00873,http://www.formica.com/us/~/media/north-america/images/decors/00873.jpg,873,Ebony Ribbonwood
http://www.formica.com/en/us/products/formica-laminate-home/06475,http://www.formica.com/us/~/media/north-america/images/decors/06475.jpg,6475,Elemental Blue Steel
http://www.formica.com/en/us/products/formica-laminate-home/08830,http://www.formica.com/us/~/media/north-america/images/decors/08830.jpg,8830,Elemental Concrete
http://www.formica.com/en/us/products/formica-laminate-home/08832,http://www.formica.com/us/~/media/north-america/images/decors/08832.jpg,8832,Elemental Corten
http://www.formica.com/en/us/products/formica-laminate-home/06417,http://www.formica.com/us/~/media/north-america/images/decors/06417.jpg,6417,Elemental Oxide
http://www.formica.com/en/us/products/formica-laminate-home/08831,http://www.formica.com/us/~/media/north-america/images/decors/08831.jpg,8831,Elemental Stone
http://www.formica.com/en/us/products/formica-laminate-home/07708,http://www.formica.com/us/~/media/north-america/images/decors/07708.jpg,7708,Flax Gauze
http://www.formica.com/en/us/products/formica-laminate-home/03518,http://www.formica.com/us/~/media/north-america/images/decors/03518.jpg,3518,Flint Crystall
http://www.formica.com/en/us/products/formica-laminate-home/01816,http://www.formica.com/us/~/media/north-america/images/decors/01816.jpg,1816,Fog Dust
http://www.formica.com/en/us/products/formica-laminate-home/00692,http://www.formica.com/us/~/media/north-america/images/decors/00692.jpg,692,Folkstone Celesta
http://www.formica.com/en/us/products/formica-laminate-home/00507,http://www.formica.com/us/~/media/north-america/images/decors/00507.jpg,507,Folkstone Grafix
http://www.formica.com/en/us/products/formica-laminate-home/05270,http://www.formica.com/us/~/media/north-america/images/decors/05270.jpg,5270,Geo White
http://www.formica.com/en/us/products/formica-laminate-home/09291,http://www.formica.com/us/~/media/north-america/images/decors/09291.jpg,9291,Geriba Gold Granite
http://www.formica.com/en/us/products/formica-laminate-home/09308,http://www.formica.com/us/~/media/north-america/images/decors/09308.jpg,9308,Geriba Gray
http://www.formica.com/en/us/products/formica-laminate-home/03523,http://www.formica.com/us/~/media/north-america/images/decors/03523.jpg,3523,Giallo Granite
http://www.formica.com/en/us/products/formica-laminate-home/00837,http://www.formica.com/us/~/media/north-america/images/decors/00837.jpg,837,Graphite
http://www.formica.com/en/us/products/formica-laminate-home/00515,http://www.formica.com/us/~/media/north-america/images/decors/00515.jpg,515,Graphite Grafix
http://www.formica.com/en/us/products/formica-laminate-home/03689,http://www.formica.com/us/~/media/north-america/images/decors/03689.jpg,3689,Himalayan Slate
http://www.formica.com/en/us/products/formica-laminate-home/06448,http://www.formica.com/us/~/media/north-america/images/decors/06448.jpg,6448,Infinity Duotex
http://www.formica.com/en/us/products/formica-laminate-home/06226,http://www.formica.com/us/~/media/north-america/images/decors/06226.jpg,6226,Ivory Kashmire
http://www.formica.com/en/us/products/formica-laminate-home/07734,http://www.formica.com/us/~/media/north-america/images/decors/07734.jpg,7734,Jamocha Granite
http://www.formica.com/en/us/products/formica-laminate-home/07709,http://www.formica.com/us/~/media/north-america/images/decors/07709.jpg,7709,Jute Gauze
http://www.formica.com/en/us/products/formica-laminate-home/06272,http://www.formica.com/us/~/media/north-america/images/decors/06272.jpg,6272,Kerala Granite
http://www.formica.com/en/us/products/formica-laminate-home/03692,http://www.formica.com/us/~/media/north-america/images/decors/03692.jpg,3692,Labrador Granite
http://www.formica.com/en/us/products/formica-laminate-home/06700,http://www.formica.com/us/~/media/north-america/images/decors/06700.jpg,6700,Lava Flow
http://www.formica.com/en/us/products/formica-laminate-home/07264,http://www.formica.com/us/~/media/north-america/images/decors/07264.jpg,7264,Lime Stone
http://www.formica.com/en/us/products/formica-laminate-home/03688,http://www.formica.com/us/~/media/north-america/images/decors/03688.jpg,3688,Madras Indian Slate
http://www.formica.com/en/us/products/formica-laminate-home/06925,http://www.formica.com/us/~/media/north-america/images/decors/06925.jpg,6925,Maple Woodline
http://www.formica.com/en/us/products/formica-laminate-home/09478,http://www.formica.com/us/~/media/north-america/images/decors/09478.jpg,9478,Marfil Antico
http://www.formica.com/en/us/products/formica-laminate-home/09477,http://www.formica.com/us/~/media/north-america/images/decors/09477.jpg,9477,Marfil Cream
http://www.formica.com/en/us/products/formica-laminate-home/07812,http://www.formica.com/us/~/media/north-america/images/decors/07812.jpg,7812,Mdf Solidz
http://www.formica.com/en/us/products/formica-laminate-home/06280,http://www.formica.com/us/~/media/north-america/images/decors/06280.jpg,6280,Midnight Stone
http://www.formica.com/en/us/products/formica-laminate-home/03450,http://www.formica.com/us/~/media/north-america/images/decors/03450.jpg,3450,Mineral Jet
http://www.formica.com/en/us/products/formica-laminate-home/03446,http://www.formica.com/us/~/media/north-america/images/decors/03446.jpg,3446,Mineral Sepia
http://www.formica.com/en/us/products/formica-laminate-home/06920,http://www.formica.com/us/~/media/north-america/images/decors/06920.jpg,6920,Mineral Spa
http://www.formica.com/en/us/products/formica-laminate-home/03449,http://www.formica.com/us/~/media/north-america/images/decors/03449.jpg,3449,Mineral Umber
http://www.formica.com/en/us/products/formica-laminate-home/00933,http://www.formica.com/us/~/media/north-america/images/decors/00933.jpg,933,Mission White
http://www.formica.com/en/us/products/formica-laminate-home/03456,http://www.formica.com/us/~/media/north-america/images/decors/03456.jpg,3456,Mocha Travertine
http://www.formica.com/en/us/products/formica-laminate-home/00863,http://www.formica.com/us/~/media/north-america/images/decors/00863.jpg,863,Myriad Ribbonwood
http://www.formica.com/en/us/products/formica-laminate-home/07022,http://www.formica.com/us/~/media/north-america/images/decors/07022.jpg,7022,Natural Canvas
http://www.formica.com/en/us/products/formica-laminate-home/08840,http://www.formica.com/us/~/media/north-america/images/decors/08840.jpg,8840,Natural Ribbonwood
http://www.formica.com/en/us/products/formica-laminate-home/07018,http://www.formica.com/us/~/media/north-america/images/decors/07018.jpg,7018,Navy Grafix
http://www.formica.com/en/us/products/formica-laminate-home/06314,http://www.formica.com/us/~/media/north-america/images/decors/06314.jpg,6314,Neo Cloud
http://www.formica.com/en/us/products/formica-laminate-home/05875,http://www.formica.com/us/~/media/north-america/images/decors/05875.jpg,5875,Neutral Weft
http://www.formica.com/en/us/products/formica-laminate-home/07966,http://www.formica.com/us/~/media/north-america/images/decors/07966.jpg,7966,New Burgundy
http://www.formica.com/en/us/products/formica-laminate-home/07500,http://www.formica.com/us/~/media/north-america/images/decors/07500.jpg,7500,Noir Envision
http://www.formica.com/en/us/products/formica-laminate-home/05487,http://www.formica.com/us/~/media/north-america/images/decors/05487.jpg,5487,Oiled Walnut
http://www.formica.com/en/us/products/formica-laminate-home/09277,http://www.formica.com/us/~/media/north-america/images/decors/09277.jpg,9277,Ouro Romano
http://www.formica.com/en/us/products/formica-laminate-home/09484,http://www.formica.com/us/~/media/north-america/images/decors/09484.jpg,9484,Oxidized Beamwood
http://www.formica.com/en/us/products/formica-laminate-home/06729,http://www.formica.com/us/~/media/north-america/images/decors/06729.jpg,6729,Paloma Bisque
http://www.formica.com/en/us/products/formica-laminate-home/06366,http://www.formica.com/us/~/media/north-america/images/decors/06366.jpg,6366,Paloma Dark Gray
http://www.formica.com/en/us/products/formica-laminate-home/06698,http://www.formica.com/us/~/media/north-america/images/decors/06698.jpg,6698,Paloma Polar
http://www.formica.com/en/us/products/formica-laminate-home/03454,http://www.formica.com/us/~/media/north-america/images/decors/03454.jpg,3454,Parquet Cafe
http://www.formica.com/en/us/products/formica-laminate-home/03453,http://www.formica.com/us/~/media/north-america/images/decors/03453.jpg,3453,Parquet Latte
http://www.formica.com/en/us/products/formica-laminate-home/00934,http://www.formica.com/us/~/media/north-america/images/decors/00934.jpg,934,Pearl
http://www.formica.com/en/us/products/formica-laminate-home/03522,http://www.formica.com/us/~/media/north-america/images/decors/03522.jpg,3522,Perlato Granite
http://www.formica.com/en/us/products/formica-laminate-home/09312,http://www.formica.com/us/~/media/north-america/images/decors/09312.jpg,9312,Planked Urban Oak
http://www.formica.com/en/us/products/formica-laminate-home/07735,http://www.formica.com/us/~/media/north-america/images/decors/07735.jpg,7735,Portico Marble
http://www.formica.com/en/us/products/formica-laminate-home/00463,http://www.formica.com/us/~/media/north-america/images/decors/00463.jpg,463,Sail White
http://www.formica.com/en/us/products/formica-laminate-home/00300,http://www.formica.com/us/~/media/north-america/images/decors/00300.jpg,300,Sail White Oxide
http://www.formica.com/en/us/products/formica-laminate-home/09480,http://www.formica.com/us/~/media/north-america/images/decors/09480.jpg,9480,Salvage Planked Elm
http://www.formica.com/en/us/products/formica-laminate-home/03517,http://www.formica.com/us/~/media/north-america/images/decors/03517.jpg,3517,Sand Crystall
http://www.formica.com/en/us/products/formica-laminate-home/06699,http://www.formica.com/us/~/media/north-america/images/decors/06699.jpg,6699,Sand Flow
http://www.formica.com/en/us/products/formica-laminate-home/07265,http://www.formica.com/us/~/media/north-america/images/decors/07265.jpg,7265,Sand Stone
http://www.formica.com/en/us/products/formica-laminate-home/03452,http://www.formica.com/us/~/media/north-america/images/decors/03452.jpg,3452,Santa Cecilia Gold
http://www.formica.com/en/us/products/formica-laminate-home/06447,http://www.formica.com/us/~/media/north-america/images/decors/06447.jpg,6447,Sarum Duotex
http://www.formica.com/en/us/products/formica-laminate-home/09529,http://www.formica.com/us/~/media/north-america/images/decors/09529.jpg,9529,Sea Salt
http://www.formica.com/en/us/products/formica-laminate-home/06477,http://www.formica.com/us/~/media/north-america/images/decors/06477.jpg,6477,Seasoned Planked Elm
http://www.formica.com/en/us/products/formica-laminate-home/03696,http://www.formica.com/us/~/media/north-america/images/decors/03696.jpg,3696,Shoji Screen
http://www.formica.com/en/us/products/formica-laminate-home/09528,http://www.formica.com/us/~/media/north-america/images/decors/09528.jpg,9528,Silver Galaxy Slate
http://www.formica.com/en/us/products/formica-laminate-home/09311,http://www.formica.com/us/~/media/north-america/images/decors/09311.jpg,9311,Silver Oak Herringbone
http://www.formica.com/en/us/products/formica-laminate-home/09497,http://www.formica.com/us/~/media/north-america/images/decors/09497.jpg,9497,Silver Quartzite
http://www.formica.com/en/us/products/formica-laminate-home/09307,http://www.formica.com/us/~/media/north-america/images/decors/09307.jpg,9307,Silver Shalestone
http://www.formica.com/en/us/products/formica-laminate-home/06220,http://www.formica.com/us/~/media/north-america/images/decors/06220.jpg,6220,Smoke Quarstone
http://www.formica.com/en/us/products/formica-laminate-home/09532,http://www.formica.com/us/~/media/north-america/images/decors/09532.jpg,9532,Smoked Sea Salt
http://www.formica.com/en/us/products/formica-laminate-home/09309,http://www.formica.com/us/~/media/north-america/images/decors/09309.jpg,9309,Star Dune
http://www.formica.com/en/us/products/formica-laminate-home/00503,http://www.formica.com/us/~/media/north-america/images/decors/00503.jpg,503,Stone Grafix
http://www.formica.com/en/us/products/formica-laminate-home/09278,http://www.formica.com/us/~/media/north-america/images/decors/09278.jpg,9278,Storm Granite
http://www.formica.com/en/us/products/formica-laminate-home/03505,http://www.formica.com/us/~/media/north-america/images/decors/03505.jpg,3505,Storm Solidz
http://www.formica.com/en/us/products/formica-laminate-home/00923,http://www.formica.com/us/~/media/north-america/images/decors/00923.jpg,923,Surf
http://www.formica.com/en/us/products/formica-laminate-home/06318,http://www.formica.com/us/~/media/north-america/images/decors/06318.jpg,6318,Timberworks
http://www.formica.com/en/us/products/formica-laminate-home/03526,http://www.formica.com/us/~/media/north-america/images/decors/03526.jpg,3526,Travertine
http://www.formica.com/en/us/products/formica-laminate-home/07736,http://www.formica.com/us/~/media/north-america/images/decors/07736.jpg,7736,Tuscan Marble
http://www.formica.com/en/us/products/formica-laminate-home/09524,http://www.formica.com/us/~/media/north-america/images/decors/09524.jpg,9524,Umbra Oak
http://www.formica.com/en/us/products/formica-laminate-home/06223,http://www.formica.com/us/~/media/north-america/images/decors/06223.jpg,6223,Venetian Gold Granite
http://www.formica.com/en/us/products/formica-laminate-home/08915,http://www.formica.com/us/~/media/north-america/images/decors/08915.jpg,8915,Walnut Fiberwood
http://www.formica.com/en/us/products/formica-laminate-home/06410,http://www.formica.com/us/~/media/north-america/images/decors/06410.jpg,6410,Weathered Beamwood
http://www.formica.com/en/us/products/formica-laminate-home/06317,http://www.formica.com/us/~/media/north-america/images/decors/06317.jpg,6317,Weathered Cement
http://www.formica.com/en/us/products/formica-laminate-home/08914,http://www.formica.com/us/~/media/north-america/images/decors/08914.jpg,8914,Weathered Fiberwood
http://www.formica.com/en/us/products/formica-laminate-home/00949,http://www.formica.com/us/~/media/north-america/images/decors/00949.jpg,949,White
http://www.formica.com/en/us/products/formica-laminate-home/09306,http://www.formica.com/us/~/media/north-america/images/decors/09306.jpg,9306,White Bardiglio
http://www.formica.com/en/us/products/formica-laminate-home/09476,http://www.formica.com/us/~/media/north-america/images/decors/09476.jpg,9476,White Ice Granite
http://www.formica.com/en/us/products/formica-laminate-home/09310,http://www.formica.com/us/~/media/north-america/images/decors/09310.jpg,9310,White Marble Herringbone
http://www.formica.com/en/us/products/formica-laminate-home/00827,http://www.formica.com/us/~/media/north-america/images/decors/00827.jpg,827,White Onyx
http://www.formica.com/en/us/products/formica-laminate-home/08902,http://www.formica.com/us/~/media/north-america/images/decors/08902.jpg,8902,White Painted Wood
http://www.formica.com/en/us/products/formica-laminate-home/09525,http://www.formica.com/us/~/media/north-america/images/decors/09525.jpg,9525,White Shalestone
http://www.formica.com/en/us/products/formica-laminate-home/09285,http://www.formica.com/us/~/media/north-america/images/decors/09285.jpg,9285,White Twill